{
  "name": "gabaylakbay-translation",
  "resourceGroup": "gabaylakbay-rg",
  "location": "East US",
  "appServicePlan": "gabaylakbay-plan",
  "os": "Linux",
  "runtime": "Python|3.11",
  "appSettings": {
    "WEBSITES_ENABLE_APP_SERVICE_STORAGE": "false",
    "WEBSITES_PORT": "8000",
    "WEBSITES_CONTAINER_START_TIME_LIMIT": "1800",
    "MONGODB_URL": "mongodb://your-mongodb-connection-string",
    "CORS_ORIGINS": "https://your-frontend-domain.azurewebsites.net,https://your-custom-domain.com",
    "FILIPINO_MODEL": "nllb",
    "PYTHONUNBUFFERED": "1",
    "SCM_DO_BUILD_DURING_DEPLOYMENT": "1",
    "ENABLE_ORYX_BUILD": "true",
    "POST_BUILD_COMMAND": "pip install -r requirements.txt"
  },
  "connectionStrings": {
    "DefaultConnection": "mongodb://your-mongodb-connection-string"
  },
  "cors": {
    "allowedOrigins": [
      "https://your-frontend-domain.azurewebsites.net",
      "https://your-custom-domain.com"
    ]
  }
}
